Local_Currency,Total_Revenue_Euro
CZ,39423.509999999995
DE,434443.9000000013
FR,47795.20000000002
IT,12954.449999999995
Uk,30761.50440045
HU,47818.60959560002
